<?xml version="1.0" encoding="UTF-8"?>
<!DOCTYPE suite SYSTEM "http://testng.org/testng-1.0.dtd">
<suite name="Suite">
	<test thread-count="5" name="Test">
		<classes>
			<class name="com.qa.tests.GetRequests.ListALLIssues">
				<methods>
					<include name="getRequestToListAllIssues" />
				</methods>
			</class>
			
			<class name="com.qa.tests.GetRequests.ListIssueByID">
				<methods>
					<include name="getRequestToListIssueById" />
				</methods>
			</class>
			
			<class name="com.qa.tests.GetRequests.ListIssuesByQuery">
				<methods>
					<include name="getRequestToListIssueByQuery" />
				</methods>
			</class>
			
			<class name="com.qa.tests.PostRequests.CreateIssue">
				<methods>
					<include name="postRequestToCreateIssue" />
				</methods>
			</class>
			
			<class name="com.qa.tests.PutRequests.ModifyIssue">
				<methods>
					<include name="putRequestToModifyIssue" />
				</methods>
			</class>
			
		</classes>
	</test> <!-- Test -->
</suite> <!-- Suite -->
